class,name,nickname,category,subcategory,project,project_dir,source,guid,kind,exposure,obsolete,current_icon,icon_holder,object,op,plural,container,glyph_origin,badge_origin,rule,note,icon_id,resource,icon_file,status
GooSystemComponentParam,{typeof(ISystemComponent).Name},{typeof(ISystemComponent).Name},Params,SAM,SAM.Analytical.Grasshopper.Systems,Grasshopper/SAM.Analytical.Grasshopper.Systems,Grasshopper/SAM.Analytical.Grasshopper.Systems/Classes/GooSystemComponent.cs,2d34ab26-ac12-4ba4-984c-50cdfd7ae237,param,,False,SAM3_0,Resources,ahu,,False,,SAM,,param:SystemComponent,,ahu,SAM_GH_Ahu,svg/ahu.svg,integrated
SAMAnalyticalSystemToAHU,SAMAnalytical.SystemToAHU,SAMAnalytical.SystemToAHU,SAM,Systems,SAM.Analytical.Grasshopper.Systems,Grasshopper/SAM.Analytical.Grasshopper.Systems,Grasshopper/SAM.Analytical.Grasshopper.Systems/Component/SAMAnalyticalSystemToAHU.cs,6df8ab41-f2bf-4a2a-84ab-427c072c655c,component,GH_Exposure.primary,False,SAM_Small,Resources,ahu,convert,False,,SAM,SAM,override,,ahu_convert,SAM_GH_AhuConvert,svg/ahu_convert.svg,integrated
SAMSystemsCreateComponentByMollierProcess,SAMSystems.CreateComponentByMollierProcess,SAMSystems.CreateComponentByMollierProcess,SAM,Systems,SAM.Analytical.Grasshopper.Systems,Grasshopper/SAM.Analytical.Grasshopper.Systems,Grasshopper/SAM.Analytical.Grasshopper.Systems/Component/SAMSystemsCreateComponentByMollierProcess.cs,d9a5e4c3-6f8b-4cad-9e32-7a4b2c5d8f01,component,GH_Exposure.primary,False,SAM_Small,Resources,ahu,create,False,,SAM,SAM,override,produces a SystemComponent from a Mollier process,ahu_create,SAM_GH_AhuCreate,svg/ahu_create.svg,integrated
SAMAnalyticalSystemConnectedSystemComponents,SAMAnalytical.ConnectedSystemComponents,SAMAnalytical.ConnectedSystemComponents,SAM,Systems,SAM.Analytical.Grasshopper.Systems,Grasshopper/SAM.Analytical.Grasshopper.Systems,Grasshopper/SAM.Analytical.Grasshopper.Systems/Component/SAMAnalyticalSystemConnectedSystemComponents.cs,11f8fdbc-0270-44bf-a2d5-aca2e10a39f7,component,GH_Exposure.primary,False,SAM_Small,Resources,ahu,get,True,,SAM,SAM,override,,ahu_plural_get,SAM_GH_AhuPluralGet,svg/ahu_plural_get.svg,integrated
SAMAnalyticalSystemOrderedSystemComponents,SAMAnalytical.OrderedSystemComponents,SAMAnalytical.OrderedSystemComponents,SAM,Systems,SAM.Analytical.Grasshopper.Systems,Grasshopper/SAM.Analytical.Grasshopper.Systems,Grasshopper/SAM.Analytical.Grasshopper.Systems/Component/SAMAnalyticalSystemOrderedSystemComponents.cs,32b7d078-f950-4e41-8b19-b93de65c6b01,component,GH_Exposure.primary,False,SAM_Small,Resources,ahu,sort,True,,SAM,SAM,override,,ahu_plural_sort,SAM_GH_AhuPluralSort,svg/ahu_plural_sort.svg,integrated
SAMAnalyticalSystemComponentType,SAM.AnalyticalSystemComponentType,SAM.AnalyticalSystemComponentType,SAM,Systems,SAM.Analytical.Grasshopper.Systems,Grasshopper/SAM.Analytical.Grasshopper.Systems,Grasshopper/SAM.Analytical.Grasshopper.Systems/Component/SAMAnalyticalSystemComponentType.cs,fd4670c1-70e6-4008-a469-1e8565085293,component,,False,SAM_Small,Resources,ahu,value,False,,SAM,SAM,override,,ahu_value,SAM_GH_AhuValue,svg/ahu_value.svg,integrated
SAMAnalyticalSystemEnergyCentreModifyByAirflows,SystemEnergyCentre.ModifyByAirflows,SystemEnergyCentre.ModifyByAirflows,SAM,Systems,SAM.Analytical.Grasshopper.Systems,Grasshopper/SAM.Analytical.Grasshopper.Systems,Grasshopper/SAM.Analytical.Grasshopper.Systems/Component/SAMAnalyticalSystemEnergyCentreModifyByAirflows.cs,31a4c1d3-6cef-4c5b-a9b1-46684c947ea9,component,,False,SAM_Small,Resources,airflow,set,False,,SAM,SAM,override,,airflow_set,SAM_GH_AirflowSet,svg/airflow_set.svg,integrated
SAMAnalyticalSystemCreateDisplaySystemConnectorManager,SAMAnalytical.CreateDisplaySystemConnectorManager,SAMAnalytical.CreateDisplaySystemConnectorManager,SAM,Systems,SAM.Analytical.Grasshopper.Systems,Grasshopper/SAM.Analytical.Grasshopper.Systems,Grasshopper/SAM.Analytical.Grasshopper.Systems/Component/SAMAnalyticalSystemCreateDisplaySystemConnectorManager.cs,1c03806e-54d8-4136-923c-81c263aeee20,component,GH_Exposure.primary,False,SAM_Small,Resources,connector,create,True,,SAM-BIM ext v1,SAM,override,,connector_plural_create,SAM_GH_ConnectorPluralCreate,svg/connector_plural_create.svg,integrated
SAMAnalyticalSystemConnector,SAMAnalytical.SystemConnector,SAMAnalytical.SystemConnector,SAM,Systems,SAM.Analytical.Grasshopper.Systems,Grasshopper/SAM.Analytical.Grasshopper.Systems,Grasshopper/SAM.Analytical.Grasshopper.Systems/Component/SAMAnalyticalSystemConnector.cs,81ad840f-1382-4091-9f6e-7c15affc2384,component,GH_Exposure.primary,False,SAM_Small,Resources,connector,create,False,,SAM-BIM ext v1,SAM,override,,connector_create,SAM_GH_ConnectorCreate,svg/connector_create.svg,integrated
GooSystemEnergyCentreParam,{typeof(SystemEnergyCentre).Name},{typeof(SystemEnergyCentre).Name},Params,SAM,SAM.Analytical.Grasshopper.Systems,Grasshopper/SAM.Analytical.Grasshopper.Systems,Grasshopper/SAM.Analytical.Grasshopper.Systems/Classes/GooSystemEnergyCentre.cs,3f01a7cf-8268-496a-8247-602d1b4f109b,param,,False,SAM3_0,Resources,energyCentre,,False,,SAM-BIM ext v1,,param:SystemEnergyCentre,,energyCentre,SAM_GH_EnergyCentre,svg/energyCentre.svg,integrated
SAMAnalyticalSystemAddSystemEnergyCentre,SAMAnalytical.AddSystemEnergyCentre,SAMAnalytical.AddSystemEnergyCentre,SAM,Systems,SAM.Analytical.Grasshopper.Systems,Grasshopper/SAM.Analytical.Grasshopper.Systems,Grasshopper/SAM.Analytical.Grasshopper.Systems/Component/SAMAnalyticalSystemAddSystemEnergyCentre.cs,271e61dd-abc3-496e-b4d5-ca7be989c3ed,component,GH_Exposure.primary,False,SAM_Small,Resources,energyCentre,add,False,,SAM-BIM ext v1,SAM,rule,,energyCentre_add,SAM_GH_EnergyCentreAdd,svg/energyCentre_add.svg,integrated
SAMAnalyticalSystemCreateSystemEnergyCentre,SAMAnalytical.CreateSystemEnergyCentre,SAMAnalytical.CreateSystemEnergyCentre,SAM,Systems,SAM.Analytical.Grasshopper.Systems,Grasshopper/SAM.Analytical.Grasshopper.Systems,Grasshopper/SAM.Analytical.Grasshopper.Systems/Component/SAMAnalyticalSystemCreateSystemEnergyCentre.cs,980a8d42-ad72-49fa-b6fc-1ad98fa234bc,component,GH_Exposure.primary,False,SAM_Small,Resources,energyCentre,create,False,,SAM-BIM ext v1,SAM,rule,,energyCentre_create,SAM_GH_EnergyCentreCreate,svg/energyCentre_create.svg,integrated
SAMAnalyticalSystemCreateSystemEnergyCentreByMechanicalSystems,SAMAnalytical.CreateSystemEnergyCentreByMechanicalSystems,SAMAnalytical.CreateSystemEnergyCentreByMechanicalSystems,SAM,Systems,SAM.Analytical.Grasshopper.Systems,Grasshopper/SAM.Analytical.Grasshopper.Systems,Grasshopper/SAM.Analytical.Grasshopper.Systems/Component/SAMAnalyticalSystemCreateSystemEnergyCentreByMechanicalSystems.cs,168d4a90-00c3-424e-b4ec-d97437bac56b,component,GH_Exposure.primary,False,SAM_Small,Resources,energyCentre,create,False,,SAM-BIM ext v1,SAM,rule,,energyCentre_create,SAM_GH_EnergyCentreCreate,svg/energyCentre_create.svg,integrated
SAMSystemsCreateEnergyCentreByMollier,SAMSystems.CreateEnergyCentreByMollier,SAMSystems.CreateEnergyCentreByMollier,SAM,Systems,SAM.Analytical.Grasshopper.Systems,Grasshopper/SAM.Analytical.Grasshopper.Systems,Grasshopper/SAM.Analytical.Grasshopper.Systems/Component/SAMSystemsCreateEnergyCentreByMollier.cs,b7e3c2a1-4d6f-4a8b-9c12-7e5f0a3b6d24,component,GH_Exposure.primary,False,SAM_Small,Resources,energyCentre,create,False,,SAM-BIM ext v1,SAM,rule,,energyCentre_create,SAM_GH_EnergyCentreCreate,svg/energyCentre_create.svg,integrated
SAMSystemsCreateDisplaySystemEnergyCentre,SAMSystems.CreateDisplaySystemEnergyCentre,SAMSystems.CreateDisplaySystemEnergyCentre,SAM,Systems,SAM.Analytical.Grasshopper.Systems,Grasshopper/SAM.Analytical.Grasshopper.Systems,Grasshopper/SAM.Analytical.Grasshopper.Systems/Component/SAMSystemsCreateDisplaySystemEnergyCentre.cs,a3d8c1f6-4e57-49b2-9c0a-7d2e5f8b41c9,component,GH_Exposure.primary,False,SAM_Small,Resources,energyCentre,display,False,,SAM-BIM ext v1,SAM,override,previewable schematic,energyCentre_display,SAM_GH_EnergyCentreDisplay,svg/energyCentre_display.svg,integrated
SAMSystemsMergeEnergyCentreByECs,SAMSystems.MergeEnergyCentreByECs,SAMSystems.MergeEnergyCentreByECs,SAM,Systems,SAM.Analytical.Grasshopper.Systems,Grasshopper/SAM.Analytical.Grasshopper.Systems,Grasshopper/SAM.Analytical.Grasshopper.Systems/Component/SAMSystemsMergeEnergyCentreByECs.cs,3e1534f7-3ff4-40a0-8b29-1633699eeab5,component,GH_Exposure.primary,False,SAM3_0,Resources,energyCentre,merge,False,,SAM-BIM ext v1,SAM,rule,,energyCentre_merge,SAM_GH_EnergyCentreMerge,svg/energyCentre_merge.svg,integrated
SAMSystemsSystemEnergyCentreDataType,SAMSystems.SystemEnergyCentreDataType,SAMSystems.SystemEnergyCentreDataType,SAM,Systems,SAM.Analytical.Grasshopper.Systems,Grasshopper/SAM.Analytical.Grasshopper.Systems,Grasshopper/SAM.Analytical.Grasshopper.Systems/Component/SAMSystemsSystemEnergyCentreDataType.cs,2ce0997f-a5e2-457d-9baa-39fbc2a5ebb6,component,,False,SAM_Small,Resources,energyCentre,value,False,,SAM-BIM ext v1,SAM,rule,,energyCentre_value,SAM_GH_EnergyCentreValue,svg/energyCentre_value.svg,integrated
SAMAnalyticalSystemVentilationUnitCatalogue,SAMAnalytical.SystemVentilationUnitCatalogue,SAMAnalytical.SystemVentilationUnitCatalogue,SAM,Systems,SAM.Analytical.Grasshopper.Systems,Grasshopper/SAM.Analytical.Grasshopper.Systems,Grasshopper/SAM.Analytical.Grasshopper.Systems/Component/SAMAnalyticalSystemVentilationUnitCatalogue.cs,8b6e1f3a-4d2c-4a91-9e7b-2c5f6a8d1e30,component,GH_Exposure.primary,False,SAM_Small,Resources,fan,import,False,library,SAM,SAM,override,,fan_library_import,SAM_GH_FanLibraryImport,svg/fan_library_import.svg,integrated
SAMAnalyticalSystemEnergyCentreModifyFanByAirflows,SystemEnergyCentre.ModifyFanByAirflows,SystemEnergyCentre.ModifyFanByAirflows,SAM,Systems,SAM.Analytical.Grasshopper.Systems,Grasshopper/SAM.Analytical.Grasshopper.Systems,Grasshopper/SAM.Analytical.Grasshopper.Systems/Component/SAMAnalyticalSystemEnergyCentreModifyFanByAirflows.cs,53ff901d-4a76-4b3e-b9e1-6ca0c9d4b04d,component,,False,SAM_Small,Resources,fan,modify,False,,SAM,SAM,override,,fan_modify,SAM_GH_FanModify,svg/fan_modify.svg,integrated
SAMAnalyticalSystemUpdateAirSystem,SAMAnalytical.UpdateVentilationSystem,SAMAnalytical.UpdateVentilationSystem,SAM,Systems,SAM.Analytical.Grasshopper.Systems,Grasshopper/SAM.Analytical.Grasshopper.Systems,Grasshopper/SAM.Analytical.Grasshopper.Systems/Component/SAMAnalyticalSystemUpdateAirSystem.cs,76c087b1-93ed-4a20-873a-cabf2e176f0c,component,,False,SAM_Small,Resources,fan,update,False,,SAM,SAM,rule,,fan_update,SAM_GH_FanUpdate,svg/fan_update.svg,integrated
SAMAnalyticalSystemCreateSystemGeometrySymbol,SAMAnalytical.CreateSystemGeometrySymbol,SAMAnalytical.CreateSystemGeometrySymbol,SAM,Systems,SAM.Analytical.Grasshopper.Systems,Grasshopper/SAM.Analytical.Grasshopper.Systems,Grasshopper/SAM.Analytical.Grasshopper.Systems/Component/SAMAnalyticalSystemCreateSystemGeometrySymbol.cs,9f1933d2-d443-4caf-9e7d-8d61023d7360,component,GH_Exposure.primary,False,SAM_Small,Resources,geometry2D,create,False,,SAM,SAM,override,2D schematic symbol,geometry2D_create,SAM_GH_Geometry2DCreate,svg/geometry2D_create.svg,integrated
GooSystemObjectParam,{typeof(ISystemObject).Name},{typeof(ISystemObject).Name},Params,SAM,SAM.Analytical.Grasshopper.Systems,Grasshopper/SAM.Analytical.Grasshopper.Systems,Grasshopper/SAM.Analytical.Grasshopper.Systems/Classes/GooSystemObject.cs,55d4a95d-124b-4e7d-b415-f77e12b6f2dc,param,,False,SAM_Small,Resources,object,,False,,SAM,,param:SystemObject,,object,SAM_GH_Object,svg/object.svg,integrated
SAMAnalyticalSystemConnectedSystemObjects,SAMAnalytical.ConnectedSystemObjects,SAMAnalytical.ConnectedSystemObjects,SAM,Systems,SAM.Analytical.Grasshopper.Systems,Grasshopper/SAM.Analytical.Grasshopper.Systems,Grasshopper/SAM.Analytical.Grasshopper.Systems/Component/SAMAnalyticalSystemConnectedSystemObjects.cs,162c87ab-0bd8-493f-bebb-4b04b93ee498,component,GH_Exposure.primary,False,SAM_Small,Resources,object,get,True,,SAM,SAM,override,,object_plural_get,SAM_GH_ObjectPluralGet,svg/object_plural_get.svg,integrated
GooSystemPlantRoomParam,{typeof(SystemPlantRoom).Name},{typeof(SystemPlantRoom).Name},Params,SAM,SAM.Analytical.Grasshopper.Systems,Grasshopper/SAM.Analytical.Grasshopper.Systems,Grasshopper/SAM.Analytical.Grasshopper.Systems/Classes/GooSystemPlantRoom.cs,cc593874-611a-4378-92a0-85d88ed82b9a,param,,False,SAM3_0,Resources,plantRoom,,False,,SAM-BIM ext v1,,param:SystemPlantRoom,,plantRoom,SAM_GH_PlantRoom,svg/plantRoom.svg,integrated
SAMSystemsCreatePlantRoomByMollier,SAMSystems.CreatePlantRoomByMollier,SAMSystems.CreatePlantRoomByMollier,SAM,Systems,SAM.Analytical.Grasshopper.Systems,Grasshopper/SAM.Analytical.Grasshopper.Systems,Grasshopper/SAM.Analytical.Grasshopper.Systems/Component/SAMSystemsCreatePlantRoomByMollier.cs,c8f4d3b2-5e7a-4b9c-8d21-6f3a1b4c7e90,component,GH_Exposure.primary,False,SAM_Small,Resources,plantRoom,create,False,,SAM-BIM ext v1,SAM,rule,,plantRoom_create,SAM_GH_PlantRoomCreate,svg/plantRoom_create.svg,integrated
SAMSystemsMollierTwinWheelExample,SAMSystems.MollierTwinWheelExample,SAMSystems.MollierTwinWheelExample,SAM,Systems,SAM.Analytical.Grasshopper.Systems,Grasshopper/SAM.Analytical.Grasshopper.Systems,Grasshopper/SAM.Analytical.Grasshopper.Systems/Component/SAMSystemsMollierTwinWheelExample.cs,e1b6f5d4-7a9c-4dbe-af43-8b5c3d6e9f12,component,GH_Exposure.primary,False,SAM_Small,Resources,processHeatRecovery,create,False,,SAM-BIM ext v1,SAM,override,worked twin-wheel heat-recovery example,processHeatRecovery_create,SAM_GH_ProcessHeatRecoveryCreate,svg/processHeatRecovery_create.svg,integrated
SAMAnalyticalSystemPlantRoomRelatedObjects,SystemPlantRoom.RelatedObjects,SystemPlantRoom.RelatedObjects,SAM,Systems,SAM.Analytical.Grasshopper.Systems,Grasshopper/SAM.Analytical.Grasshopper.Systems,Grasshopper/SAM.Analytical.Grasshopper.Systems/Component/SAMAnalyticalSystemPlantRoomRelatedObjects.cs,7e6476fa-9fcc-448a-82ee-9f08fbdc03de,component,GH_Exposure.primary,False,SAM_Small,Resources,relation,get,True,,SAM,SAM,rule,,relation_plural_get,SAM_GH_RelationPluralGet,svg/relation_plural_get.svg,integrated
SAMAnalyticalSystemResultValueByHourOfYear,SAMAnalytical.SystemResultValueByHourOfYear,SAMAnalytical.SystemResultValueByHourOfYear,SAM,Systems,SAM.Analytical.Grasshopper.Systems,Grasshopper/SAM.Analytical.Grasshopper.Systems,Grasshopper/SAM.Analytical.Grasshopper.Systems/Component/SAMAnalyticalSystemResultValueByHourOfYear.cs,8e927e8f-58d2-4d07-8952-86f09cdfb6a6,component,GH_Exposure.primary,False,SAM_Small,Resources,result,get,False,,SAM,SAM,override,,result_get,SAM_GH_ResultGet,svg/result_get.svg,integrated
SAMAnalyticalSystemResults,SAMAnalytical.SystemResults,SAMAnalytical.SystemResults,SAM,Systems,SAM.Analytical.Grasshopper.Systems,Grasshopper/SAM.Analytical.Grasshopper.Systems,Grasshopper/SAM.Analytical.Grasshopper.Systems/Component/SAMAnalyticalSystemResults.cs,b095f799-82ce-4a41-9c56-f9ccfa921065,component,GH_Exposure.tertiary,False,SAM_Small,Resources,result,get,True,,SAM,SAM,override,,result_plural_get,SAM_GH_ResultPluralGet,svg/result_plural_get.svg,integrated
SAMAnalyticalSystemCreateDisplaySystemManager,SAMAnalytical.CreateDisplaySystemManager,SAMAnalytical.CreateDisplaySystemManager,SAM,Systems,SAM.Analytical.Grasshopper.Systems,Grasshopper/SAM.Analytical.Grasshopper.Systems,Grasshopper/SAM.Analytical.Grasshopper.Systems/Component/SAMAnalyticalSystemCreateDisplaySystemManager.cs,8b67bdca-b7f6-4707-b90a-d15959f08316,component,GH_Exposure.primary,False,SAM_Small,Resources,settings,create,False,,SAM,SAM,override,component-type -> symbol display settings,settings_create,SAM_GH_SettingsCreate,svg/settings_create.svg,integrated
GooSystemSpaceParam,{typeof(ISystemSpace).Name},{typeof(ISystemSpace).Name},Params,SAM,SAM.Analytical.Grasshopper.Systems,Grasshopper/SAM.Analytical.Grasshopper.Systems,Grasshopper/SAM.Analytical.Grasshopper.Systems/Classes/GooSystemSpace.cs,1ea2ed4a-1fd0-44ff-a4cb-a910aefe2fc9,param,GH_Exposure.hidden,False,SAM3_0,Resources,space,,False,,SAM,,param:SystemSpace,,space,SAM_GH_Space,svg/space.svg,integrated
GooSystemGroupParam,{typeof(ISystemGroup).Name},{typeof(ISystemGroup).Name},Params,SAM,SAM.Analytical.Grasshopper.Systems,Grasshopper/SAM.Analytical.Grasshopper.Systems,Grasshopper/SAM.Analytical.Grasshopper.Systems/Classes/GooSystemGroup.cs,3243e174-d434-45bf-bc75-0854c3bb7735,param,,False,SAM_Small,Resources,system,,True,,SAM,,param:SystemGroup,,system_plural,SAM_GH_SystemPlural,svg/system_plural.svg,integrated
SAMAnalyticalSystemConnectedSystemGroups,SAMAnalytical.ConnectedSystemGroups,SAMAnalytical.ConnectedSystemGroups,SAM,Systems,SAM.Analytical.Grasshopper.Systems,Grasshopper/SAM.Analytical.Grasshopper.Systems,Grasshopper/SAM.Analytical.Grasshopper.Systems/Component/SAMAnalyticalSystemConnectedSystemGroups.cs,761a15c3-a6da-491f-b959-7d991a46bb52,component,GH_Exposure.primary,False,SAM_Small,Resources,system,get,True,,SAM,SAM,override,,system_plural_get,SAM_GH_SystemPluralGet,svg/system_plural_get.svg,integrated
SAMAnalyticalSystemModifyAirSystem,SAMAnalytical.ModifyAirSystem,SAMAnalytical.ModifyAirSystem,SAM,Systems,SAM.Analytical.Grasshopper.Systems,Grasshopper/SAM.Analytical.Grasshopper.Systems,Grasshopper/SAM.Analytical.Grasshopper.Systems/Component/SAMAnalyticalSystemModifyAirSystem.cs,6f57c6d7-8669-45a0-8af6-9595572921c2,component,,False,SAM_Small,Resources,system,modify,False,,SAM,SAM,rule,,system_modify,SAM_GH_SystemModify,svg/system_modify.svg,integrated
SAMAnalyticalSystemType,SAM.AnalyticalSystemType,SAM.AnalyticalSystemType,SAM,Systems,SAM.Analytical.Grasshopper.Systems,Grasshopper/SAM.Analytical.Grasshopper.Systems,Grasshopper/SAM.Analytical.Grasshopper.Systems/Component/SAMAnalyticalSystemType.cs,75997483-9ed7-4404-afd8-627144405160,component,,False,SAM_Small,Resources,system,value,False,,SAM,SAM,rule,,system_value,SAM_GH_SystemValue,svg/system_value.svg,integrated
SAMAnalyticalSystemConnectedSensor,SAMAnalytical.ConnectedSensor,SAMAnalytical.ConnectedSensor,SAM,Systems,SAM.Analytical.Grasshopper.Systems,Grasshopper/SAM.Analytical.Grasshopper.Systems,Grasshopper/SAM.Analytical.Grasshopper.Systems/Component/SAMAnalyticalSystemConnectedSensor.cs,8341425d-783f-49ad-a8db-d5269d128800,component,GH_Exposure.primary,False,SAM_Small,Resources,thermometer,get,False,,SAM,SAM,override,the sensor a controller reads,thermometer_get,SAM_GH_ThermometerGet,svg/thermometer_get.svg,integrated
GooSystemResultParam,{typeof(ISystemResult).Name},{typeof(ISystemResult).Name},Params,SAM,SAM.Core.Grasshopper.Systems,Grasshopper/SAM.Core.Grasshopper.Systems,Grasshopper/SAM.Core.Grasshopper.Systems/Classes/GooSystemResult.cs,ab9deb98-f591-469b-8b47-aa69df35000f,param,GH_Exposure.hidden,False,SAM3_0,Resources,result,,False,,SAM,,param:SystemResult,,result,SAM_GH_Result,svg/result.svg,integrated
GooSystemParam,{typeof(Core.Systems.ISystem).Name},{typeof(Core.Systems.ISystem).Name},Params,SAM,SAM.Core.Grasshopper.Systems,Grasshopper/SAM.Core.Grasshopper.Systems,Grasshopper/SAM.Core.Grasshopper.Systems/Classes/GooSystem.cs,bceb3ae6-4542-42c3-8930-46982b2ab3c4,param,GH_Exposure.hidden,False,SAM3_0,Resources,system,,False,,SAM,,param:System,,system,SAM_GH_System,svg/system.svg,integrated
